index,code
0,"W19H19S1,1E17,17M_-IiOzdxR50wN_RHSttSNsy7U2tAv_"
1,"W19H19S1,1E17,17M_9EibM3Zo4c-VN2TppRa-aqCW49YP_"
2,"W19H19S1,1E17,17M_-gh6xV7Udo7cHamyK3EmW5uY2RKv_"
3,"W19H19S1,1E17,17M_-Aj6y9Bb4CzV2duErZ0cutqa9BCv_"
4,"W19H19S1,1E17,17M_8ilrK9pVrKjPiRe-MVadG2rLUxIf_"
5,"W19H19S1,1E17,17M_8Usrawl6o8ovzYmeod8OMnfBXFDP_"
6,"W19H19S1,1E17,17M_8gt7gx96oB20VWX1pRV9K3DDz1QP_"
7,"W19H19S1,1E17,17M_8E3Cj1zxoytvCVu7MjK1V6KuwJqv_"
8,"W19H19S1,1E17,17M_8hpjrTTiq31Ugb2TtnSE3-iq0pIv_"
9,"W19H19S1,1E17,17M_9FjD3ZLWrIq8YaemLHn1UsOdctIP_"
10,"W19H19S1,1E17,17M_8IuSd8BP6Bu2PWW8oZ8tbgjfXFBP_"
11,"W19H19S1,1E17,17M_9ogf4Y9Leiok5464NbH1A_3SwVUP_"
12,"W19H19S1,1E17,17M_-UkOkVdu9AqsfdGzInvlCq7MWnJP_"
13,"W19H19S1,1E17,17M_9mxC90FvYE7sRXbmZFP2h5acWbEP_"
14,"W19H19S1,1E17,17M_8gy6o25oY-4k78mDLz8Uc0mrXFCv_"
15,"W19H19S1,1E17,17M_8UsbcwZau0tMPbGSdNXVTm3K2BKv_"
16,"W19H19S1,1E17,17M_8hpStaXfqAqc-YPuK3I2RtbWxRUv_"
17,"W19H19S1,1E17,17M_8A765wRtbM3MDdmyN_AXUlfyRliv_"
18,"W19H19S1,1E17,17M_8gh706NWr4gd84acstZNxxqiz5gv_"
19,"W19H19S1,1E17,17M_8R5iRX9Jeirkl9SRs1ePtgzI39AP_"
20,"W19H19S1,1E17,17M_8lpDVVdSc8tNjVDvqlLPWiLlV7IP_"
21,"W19H19S1,1E17,17M_-CnrSUrasmrE37SktdMHbizS2lCv_"
22,"W19H19S1,1E17,17M_9BizU2trKjpG_UTNbVZVZq2VSlpP_"
23,"W19H19S1,1E17,17M_8Qk7a0x5oz60sSf8KHVlZkbox9kP_"
24,"W19H19S1,1E17,17M_8A36o0ZNbyx84aSn-xEvKlzaxVQv_"
25,"W19H19S1,1E17,17M_9FrCrYVdqoy946aGqnZnVjSyYXVP_"
26,"W19H19S1,1E17,17M_9KkDf0hl5oytLe6If5A9q5G6xdgP_"
27,"W19H19S1,1E17,17M_8U4i5w566grsqZfqInbsw661UJFf_"
28,"W19H19S1,1E17,17M_9SkrKXNrqRyUmbm19RF1V1K3UBNf_"
29,"W19H19S1,1E17,17M_8KmTmxlzZk5Me_TEqnFnbsCb1RSv_"
30,"W19H19S1,1E17,17M_8lpDXzB35Q1diRf-LHCmrujK0tIP_"
31,"W19H19S1,1E17,17M_8Qs7UxrauaqWXSi0Z9oXWinV2tEP_"
32,"W19H19S1,1E17,17M_8kpCn_pIa7onfWKEdtR1U3OiX5Af_"
33,"W19H19S1,1E17,17M_9UgLW3pVcKtVbcWONHZEf-XVS1BP_"
34,"W19H19S1,1E17,17M_-khH1RdWNPuMGdLeqTQ1yo26R1ov_"
35,"W19H19S1,1E17,17M_8I2e2Ul9oB90d4a8MrMPegLW3tAP_"
36,"W19H19S1,1E17,17M_-Aj7lXHlJe0tYS6o9Vr1JqTay1QP_"
37,"W19H19S1,1E17,17M_80obMXdVsRt1RayU9tQW-knbUlJP_"
38,"W19H19S1,1E17,17M_9FrCLfVSqd00ZeiL7RxVZmTnwBtf_"
39,"W19H19S1,1E17,17M_9lxCl35EbOkHb2SmtrKNmrrK0JKf_"
40,"W19H19S1,1E17,17M_8oyauUPqJ449IbeKbVq1F7iX2BGv_"
41,"W19H19S1,1E17,17M_8R8yVU1Yt1wtdWCH9LeHLhSy19QP_"
42,"W19H19S1,1E17,17M_8gprmzJvcDu1IWWvqJvVLpSXfBBf_"
43,"W19H19S1,1E17,17M_8poDbT3krMrOT0jvpBa-qij2xlQv_"
44,"W19H19S1,1E17,17M_9qgDb0x94A1t7QS1c3NHGzSl25If_"
45,"W19H19S1,1E17,17M_-JnSj2BnJ2ovcUu7MPOEK2fmxxQv_"
46,"W19H19S1,1E17,17M_8o4adWTXsitVNXahd3NGLtSZWZEf_"
47,"W19H19S1,1E17,17M_8EvKK-9Kak1WmTml_JFVa0W_UFJP_"
48,"W19H19S1,1E17,17M_-ljCzY7YqqqkraXuoRduqpGbSVtP_"
49,"W19H19S1,1E17,17M_8Qsuac9Yo45c48aPtLbGjjjrwJaP_"
50,"W19H19S1,1E17,17M_8KuCK-_OKG2sg469pDzV1ojbyBWv_"
51,"W19H19S1,1E17,17M_8iqCv6jVqq1Mqa-4Ib22klnVVdEP_"
52,"W19H19S1,1E17,17M_9Rkza81IKe6UcWfgb1R11xi1SPkP_"
53,"W19H19S1,1E17,17M_8UsrK6NWaoterTKiat-0tgDtzZkP_"
54,"W19H19S1,1E17,17M_8ipS8ydwo84s94SftFTPyg68YbUP_"
55,"W19H19S1,1E17,17M_8JuSa81cLPqGfWKsdLJ1RryQ_xAv_"
56,"W19H19S1,1E17,17M_-EnLM2dGekk19YWZK35OWlLW1pAv_"
57,"W19H19S1,1E17,17M_8RsyZ8hZp7wVuzLWqJW3pib1Qxkf_"
58,"W19H19S1,1E17,17M_9IjbxY3sqMqc8avJKTf1Cxmy1lJP_"
59,"W19H19S1,1E17,17M_9SgLWXvSM20kv_SCelH1A_elSVkP_"
60,"W19H19S1,1E17,17M_9Uwbe2BPuCpd8ZKT6xRu6qCn7hBf_"
61,"W19H19S1,1E17,17M_8asDXxlxp4y9hR74I7Y2qnngx5Qv_"
62,"W19H19S1,1E17,17M_8R0y5UltZMqvZQW7etiVlvqBe7AP_"
63,"W19H19S1,1E17,17M_8AvPLSZ4Y-5VQ7aWsr6Emp_wR9QP_"
64,"W19H19S1,1E17,17M_8g16UVLrL3ilpTby4xV2Iua3YjJP_"
65,"W19H19S1,1E17,17M_8UtK64bVqixV-YOeclb0g67MyNKP_"
66,"W19H19S1,1E17,17M_8i5iT1pacO-UJW25tVDPSn7iRXEP_"
67,"W19H19S1,1E17,17M_8FvCFddaZU2tFZmxKXvWlh3ywhVv_"
68,"W19H19S1,1E17,17M_-ygjszNG7Y0NbU3Ka9MXNjTUydkP_"
69,"W19H19S1,1E17,17M_8hpz5wRVrSkv-yqgsrfmjgruRNVP_"
70,"W19H19S1,1E17,17M_-UkbWXlVqBl18Svhp5Zcy5TWxNSP_"
71,"W19H19S1,1E17,17M_-GnCi7VW6U018wq4spb80oLUz9gP_"
72,"W19H19S1,1E17,17M_8QvyE_Nm5I-sKyq6sraGWkvtRNUP_"
73,"W19H19S1,1E17,17M_8Cu6M-JP6g9UN-SFtzY0qwm7WtCP_"
74,"W19H19S1,1E17,17M_8go7a3hF_Azc2UmTtjTllzKy15Qf_"
75,"W19H19S1,1E17,17M_8A-6K2Duoa90hb6gatOvKhrSXvCP_"
76,"W19H19S1,1E17,17M_9Iyes2prYgt2I3aitLPmTumlRNqP_"
77,"W19H19S1,1E17,17M_9SwSc2bkp64VWzuxNVDVq6W20lJP_"
78,"W19H19S1,1E17,17M_9FyjZU9tJD1VNTaqdVq1UsOOfNCP_"
79,"W19H19S1,1E17,17M_-pgS7UVtZQ1094b0IrdlJ76IyVqP_"
80,"W19H19S1,1E17,17M_-RljTRjWvOyM-UGvdFLWlqSubPCP_"
81,"W19H19S1,1E17,17M_8Q1S20Xmpk6NPaqaaF30osfMT9gP_"
82,"W19H19S1,1E17,17M_8kpK3UjasuqntzSxsVPNGrrpSJKf_"
83,"W19H19S1,1E17,17M_-UkK20bOvGjHnRS-4Fc2a2mrUlJP_"
84,"W19H19S1,1E17,17M_8KuqVVr0pC10Ye-krdiHthbS31AP_"
85,"W19H19S1,1E17,17M_8S8iT3h3YG20s6KxszNlD7irylhP_"
86,"W19H19S1,1E17,17M_8Qs6dcjLrixkr7C7srKVa6ip25Af_"
87,"W19H19S1,1E17,17M_-InaiU_cMqs1M5a4qbqlNrKrQTsv_"
88,"W19H19S1,1E17,17M_9Qgv9Vpa8gpsveGPMjV1I27kxpQv_"
89,"W19H19S1,1E17,17M_9JiTV3RJvzhlzRT2qthd0raqyBiv_"
90,"W19H19S1,1E17,17M_9EpOaWtssJvVGXXkr3Bmhv7gxxIv_"
91,"W19H19S1,1E17,17M_8J2SvWBVce80Q9qTqxk9srLFXDFv_"
92,"W19H19S1,1E17,17M_8gpf2RFWurl1AVvbJb01StmTdNCP_"
93,"W19H19S1,1E17,17M_-ImvKXtTcgq0tfKDf1AWtvSLeXAP_"
94,"W19H19S1,1E17,17M_8QtmzZtqaMndgZWfsjbmriC6cfEP_"
95,"W19H19S1,1E17,17M_-Qlrixp15I_sBzTzohP-Av3JSRVf_"
96,"W19H19S1,1E17,17M_8Ar70wF_IH704SvxMrPWNsSa0tUP_"
97,"W19H19S1,1E17,17M_9VgDVX7p5AzN3VTlbVCWsuPXRlRP_"
98,"W19H19S1,1E17,17M_-CnjV0Fds1pkxd7I6zRk17akwxov_"
99,"W19H19S1,1E17,17M_-ClrS15I9UqVcaWSs3ek34i1xhhv_"
100,"W19H19S1,1E17,17M_9oivEXPKqZtPaQq_oRFfvrDASPuP_"
101,"W19H19S1,1E17,17M__tgLMW534gxNzeeIITfethDhyprP_"
102,"W19H19S1,1E17,17M_8B97JxpS_IqcidnDpv6ER_qPUBYf_"
103,"W19H19S1,1E17,17M__viCEXrFKOtvJbiC7d2GZkamdnDP_"
104,"W19H19S1,1E17,17M_8s6WWXDasmo-ISz-5xROyhn5yBjv_"
105,"W19H19S1,1E17,17M_8C3nNSLKPetUCduUcb9G6o2FSBvf_"
106,"W19H19S1,1E17,17M_8opDTylju_lthRC25pyX2gva0lMP_"
107,"W19H19S1,1E17,17M_8muqTUVUP-gv6UWDNv1EVlLY0ltP_"
108,"W19H19S1,1E17,17M__Uguayh3plwG-8SNvZAW-iamd_AP_"
109,"W19H19S1,1E17,17M_-0o7OTFlrTylCSnf77An9gDJwd4P_"
110,"W19H19S1,1E17,17M_8E-mDb9hKr2krbyhdBTsm_CSwL3P_"
111,"W19H19S1,1E17,17M_-VkDtxJS7-6EZZWWvzA3TkDmxdUf_"
112,"W19H19S1,1E17,17M_9A36raVZKNqEv8S9aJbNGxO0UNPP_"
113,"W19H19S1,1E17,17M_9Z0qGVpTdCqODXn_Z7IGDti105KP_"
114,"W19H19S1,1E17,17M_9egLRfbmKm1VE5qSplfWmhD5y1hv_"
115,"W19H19S1,1E17,17M_-Av7a0llKuys1YC77dEWboDSRl5v_"
116,"W19H19S1,1E17,17M_-vkDZT1PqC0Ua8OgN9euC9yGxD0v_"
117,"W19H19S1,1E17,17M_-AvfOSFoZ_5EidWdepKcElX6Qh1__"
118,"W19H19S1,1E17,17M_8E_KawFyayp-sUX3JPTGVkzS_1Af_"
119,"W19H19S1,1E17,17M_-yhrlRL2JC6198GTuzFnZkDLxZWP_"
120,"W19H19S1,1E17,17M_-CvTXwjxo55UBXSPuHdmC9_KwhYv_"
121,"W19H19S1,1E17,17M_8J-y0RBj971E3aipoZumNi30wJdP_"
122,"W19H19S1,1E17,17M_8w5blwBPdEme32_EJBzV-wOTa1JP_"
123,"W19H19S1,1E17,17M_8k1yXyBkbdkl9zrgLvh1go6ZfvAP_"
124,"W19H19S1,1E17,17M__agmUULcv9sEb7SS8paMmpb6QbcP_"
125,"W19H19S1,1E17,17M_8A_2k5BVqpr2hVa-6BFWqyH3RVav_"
126,"W19H19S1,1E17,17M__MmWBUhbfVlmHVjbq5gds0Ktd_AP_"
127,"W19H19S1,1E17,17M_8wxarahNaT0nv3WEsBat2pDqxbVP_"
128,"W19H19S1,1E17,17M_-ckCh3XtIO8k24aoNb3_5gDXUTEv_"
129,"W19H19S1,1E17,17M__ihCa99oK7nFgX-C9_YEwgvka9MP_"
130,"W19H19S1,1E17,17M_83pCy4pUO_y84Yaidha9-gLMVTkv_"
131,"W19H19S1,1E17,17M_8A3-wwl7Mdj-AWSfelXNKoW8WLUv_"
132,"W19H19S1,1E17,17M_9zhTp1JSc8imAXv39ZSUlpjZyJjf_"
133,"W19H19S1,1E17,17M_-Chq36hKJX_MAa775Rw851yQUxi__"
134,"W19H19S1,1E17,17M_9DvS_YFSqptGqUOP-jilita7YFGv_"
135,"W19H19S1,1E17,17M_8Av_TVRr6B2lY4K38tBPyim-QBx__"
136,"W19H19S1,1E17,17M_8A_2i55RbSptiVjPJbgnVl6n4Bcf_"
137,"W19H19S1,1E17,17M_8V5SeyFofulFoS-HOHon7iiU9dIf_"
138,"W19H19S1,1E17,17M_8nsCedtlYEtn542APvKUw7-aQhw__"
139,"W19H19S1,1E17,17M_8A_foQnJPe_sBYWeNdMcOnDWwtxP_"
140,"W19H19S1,1E17,17M_-4gP7UBPbHnHBQ7t55Qmx0aeUXqP_"
141,"W19H19S1,1E17,17M_-IuDPxbS7U9MEbKrsR_0P2CU1Rov_"
142,"W19H19S1,1E17,17M_-gm-QbvC6gtlnTqpdDbFqh_VUVsP_"
143,"W19H19S1,1E17,17M__NhKU3hT4K3ET9uNORO-JvTaQXSP_"
144,"W19H19S1,1E17,17M_9mpGoR1xqIm_-5mRqH8lZySlUVOf_"
145,"W19H19S1,1E17,17M_9EqGtX7ZqArt11aSNLhdQ1Sq_9AP_"
146,"W19H19S1,1E17,17M__thKQQpzffwMadOZI1IHfk7pzBnf_"
147,"W19H19S1,1E17,17M_8A9_BXdipB29MbKfeFC0ykrcQ18v_"
148,"W19H19S1,1E17,17M_9SjnfQF0O2oVb1CyY15mTkGfb9EP_"
149,"W19H19S1,1E17,17M_9Ewa_axVbVqGkVfC5Jv8p1LuwJJP_"
150,"W19H19S1,1E17,17M_8csKldvGaizkj6j28nEnJiitffAP_"
151,"W19H19S1,1E17,17M_-sgXr1x5IW5kJa2ZKb93AhOaX_AP_"
152,"W19H19S1,1E17,17M_9AqiN_vqKn1ciRi5sV3sooaufDBv_"
153,"W19H19S1,1E17,17M_8wo7K9JeaErsrdHXYB19VgLeZZUf_"
154,"W19H19S1,1E17,17M_9IzSl4XeaYkVv2ylaDelUoa2f7AP_"
155,"W19H19S1,1E17,17M_8B76G3pI8gttzTmBOb9lZiTFe_AP_"
156,"W19H19S1,1E17,17M_-Tijq1llK33VDQqoMrf2OiDo39gP_"
157,"W19H19S1,1E17,17M__QimDVhl_-kWuzjhpFbk7gbhUtcv_"
158,"W19H19S1,1E17,17M_-kk6IzZ1IW2m_0W7LDgVduq6UVBf_"
159,"W19H19S1,1E17,17M_-WinoRvVeqiO6RSG_h7tbkDqQLqv_"
160,"W19H19S1,1E17,17M_-kgO-bdZsghPf1bAZ_1HUi2gShl__"
161,"W19H19S1,1E17,17M_8Av_HSDOqpzHmxi8s7Z2AiCvxN3P_"
162,"W19H19S1,1E17,17M_8I72sRP2YkxvqRy7t1InpgaM_VAf_"
163,"W19H19S1,1E17,17M_-1kyoQlpb-mcKdfUKHqlTvih6RWf_"
164,"W19H19S1,1E17,17M_-4oDH2vyJLifqUqCdxv8huSXSBm__"
165,"W19H19S1,1E17,17M_8y5qKcFaoU29gzqL_tqMm5mQbLLP_"
166,"W19H19S1,1E17,17M_9gzv3QBcavtcIe2loFgl5--sQVov_"
167,"W19H19S1,1E17,17M_8Fsyof3kbayc0dSTMLHdQrrNVVkv_"
168,"W19H19S1,1E17,17M_8b6SIe3UtNiVk1q-ahC_1oqZdhBf_"
169,"W19H19S1,1E17,17M__ZgKyb9T8wrOTUHPLxBHLt6g0BP__"
170,"W19H19S1,1E17,17M_-1oKccJnaemPjR3YIXtVYxfaRlUv_"
171,"W19H19S1,1E17,17M_9MgHZ_ZBtB7caUr-eVKtC1mdUVSv_"
172,"W19H19S1,1E17,17M_8g37wR7Au5k3Q2qMdJtsy4qVf7AP_"
173,"W19H19S1,1E17,17M_9hqy70BTM3sGTWykbdPe1pTowZZP_"
174,"W19H19S1,1E17,17M_8Q72K3hMrezUgSXr95IVZgTa7fEP_"
175,"W19H19S1,1E17,17M_-6krQSBn73yVtZqSehV2Sp6Y2ZhP_"
176,"W19H19S1,1E17,17M_8U4qa0RY8rsm_yzQ95ClJlLW2nJP_"
177,"W19H19S1,1E17,17M_-SgC389Jryk20SeYdRvkD_vgQLOv_"
178,"W19H19S1,1E17,17M_-lgCte_i50z8gbia4VbOKrrBQr6P_"
179,"W19H19S1,1E17,17M_9Ar-uZDesBo1pQ63qtoVK_fXQBUf_"
180,"W19H19S1,1E17,17M_8C-iG9rTIV13BXyE9JfF3oXGRtTP_"
181,"W19H19S1,1E17,17M_8MwW6bTdsT404UnBbpX9GqC20taP_"
182,"W19H19S1,1E17,17M_9HkDPTzxoI29Bbq_JXsso5qnUlIv_"
183,"W19H19S1,1E17,17M_9hgTNd_Q6YtVcT2wJHX12xK1aFNP_"
184,"W19H19S1,1E17,17M_8B-6A99x4gjF-cGPKjrlXkDs6VWf_"
185,"W19H19S1,1E17,17M__cgLV3J6oW30hYK36VM2wgblX7gP_"
186,"W19H19S1,1E17,17M__VhKSSZ0esivfSnCKn7lZyqm1FGf_"
187,"W19H19S1,1E17,17M_8ioC-93IO-m1kRWE_Byf0h6YU3cP_"
188,"W19H19S1,1E17,17M_8V1Ki2ZUO9i9wRi_YxZ36gXJTRmf_"
189,"W19H19S1,1E17,17M_8IlXyRHz_YjtiTzhZZgd0vyG4pZf_"
190,"W19H19S1,1E17,17M_9shPDezEJj5kB7_6Jpo28gamexB__"
191,"W19H19S1,1E17,17M_9ko2qUndtxoFtyyA-pr9Juy8YFRf_"
192,"W19H19S1,1E17,17M_8wkHHdRd6Bn2I2bfuNAU63Cv4FZv_"
193,"W19H19S1,1E17,17M_9oy6CdpWYH3HBT3Yobf8q1qRQT2P_"
194,"W19H19S1,1E17,17M_-bmDDyZ0b8p0QZm2sTM3pgrY99Af_"
195,"W19H19S1,1E17,17M_9csWGZhS9utFD1i66zEnE_etWBBf_"
196,"W19H19S1,1E17,17M_-zoiLbVtJbg0pbbqYhndWuCM_fAP_"
197,"W19H19S1,1E17,17M_8A_6wUTWtdgWQ17WetKVS73pRjBv_"
198,"W19H19S1,1E17,17M_8xs7YwpeuAi8t6GxJ5f-7kCe8VAP_"
199,"W19H19S1,1E17,17M_8uoG6cjMs1tV1QK_dRC9p1yUTFpf_"
200,"W19H19S1,1E17,17M_8op64yZuKO6U04a2ptwc-uCu4NKP_"
201,"W19H19S1,1E17,17M_-EmakV9pZY8UP8LdabUWsk7sxlRP_"
202,"W19H19S1,1E17,17M_8K1DS19iLm1sIWvrblR0otanbjBP_"
203,"W19H19S1,1E17,17M_-ImSP_BE7cwc89qhppampq7KSnVP_"
204,"W19H19S1,1E17,17M_9EvaMUd4Y-oW88eMPbA3yljK3NCP_"
205,"W19H19S1,1E17,17M_8gqzpybuqC3kLeWOPNpe0hb5QbUP_"
206,"W19H19S1,1E17,17M_8E-OXUhU5s0vNTKza1JW6pXazFiP_"
207,"W19H19S1,1E17,17M_8MsDP7DXqixtyR3xoxb2SqWuzFiP_"
208,"W19H19S1,1E17,17M_8Riz16tVKirOvSKuctMXMraoydkP_"
209,"W19H19S1,1E17,17M_8CrqqaPWOuo04Yu6MXWvSlz5wVSP_"
210,"W19H19S1,1E17,17M_-Ai-0VtYce6E11akNfGnllbpR7QP_"
211,"W19H19S1,1E17,17M_9Biz10hNLfkX8SWkt9IGXu3BX1EP_"
212,"W19H19S1,1E17,17M_-RkzV1lrJG6sceqJqVdNrxTrzRCP_"
213,"W19H19S1,1E17,17M_8BvyRc1JP3zkBe6IvbGHHnzI21Av_"
214,"W19H19S1,1E17,17M_8IsbYx9wt5q1JaaeKX0u8kasWdEP_"
215,"W19H19S1,1E17,17M_-BnSid9Iq5w15Q76cnDnriSy11QP_"
216,"W19H19S1,1E17,17M_8Is7Ib9UKfsEfcKdcbaWkr-k5JJP_"
217,"W19H19S1,1E17,17M__EhqxXpK-Jr1xSmXulFHvyGtWNCP_"
218,"W19H19S1,1E17,17M_8S6CmxtzJj1lJ26MPPB3ZnTH3BEv_"
219,"W19H19S1,1E17,17M_-ghf8QVXbmxN2RXwp7ilmvOGXJEf_"
220,"W19H19S1,1E17,17M_8iyin3hhamtXmxqUvrBn9wKvXDBP_"
221,"W19H19S1,1E17,17M_-Ikqa-tKqJvUSd3QrdWOWk78YNJP_"
222,"W19H19S1,1E17,17M_8irCmzd0Yc8WrVSs6dFHbmXNWVMP_"
223,"W19H19S1,1E17,17M_8CviS9tyZi1tKVa66xA2qvqS8pEf_"
224,"W19H19S1,1E17,17M_8hySvWl5o55MzZK2pVdFXhD3xBlf_"
225,"W19H19S1,1E17,17M_-EmKm1tpZY2VD-yGvnBn5g35R1QP_"
226,"W19H19S1,1E17,17M_-CjT2wlZq5oW_6qgLrD3jrjVSLFP_"
227,"W19H19S1,1E17,17M_9CviNyNyJ-4UY6azqz0FflDL3VBP_"
228,"W19H19S1,1E17,17M_8Ssm1ZtVLIrcWdGXuhF_C3ip0dMP_"
229,"W19H19S1,1E17,17M_8BuzKataaszshdambHnlZobeWNEP_"
230,"W19H19S1,1E17,17M_8g5a1RX3JGyV2Qn9qrFWkvPHTFRP_"
231,"W19H19S1,1E17,17M_9Azas2ZA-8qshbqhv7FOKueuQtoP_"
232,"W19H19S1,1E17,17M_8ImrRV7QvalVS2rGrVWvugLK3xEv_"
233,"W19H19S1,1E17,17M_8okTP3DNuasNPVCTs54c6qjrzlBP_"
234,"W19H19S1,1E17,17M_8AvaG-pO6Av2Q06-qFlvWlLW1lBP_"
235,"W19H19S1,1E17,17M_8EvOmbFbaCn3iRueeFX1EnTGzlgv_"
236,"W19H19S1,1E17,17M_8RsjdUNLOz1kjRy88NPPGlrywpqP_"
237,"W19H19S1,1E17,17M_9Cyq8UdNbQx1ixr6ZfKXUre0QdkP_"
238,"W19H19S1,1E17,17M_8EurNSL0oe9UI_6oq5o0a-mF3pBP_"
239,"W19H19S1,1E17,17M_8S0iq2NPqRu3FXSk5t5kRv7A25EP_"
240,"W19H19S1,1E17,17M_8CviI290oNvXDTmyppWvqgq64ZUf_"
241,"W19H19S1,1E17,17M_8UkLvyBv-AvcGbq4cfeklsraQtSP_"
242,"W19H19S1,1E17,17M_8GuDGzpm_KilzUyE_dtNSo66Qlsv_"
243,"W19H19S1,1E17,17M_8hrjB35i5gr1RZW3YV6U0s6c9JCv_"
244,"W19H19S1,1E17,17M_9A3aiV3Zsp9UKa24qdIuari1yNkP_"
245,"W19H19S1,1E17,17M_8hrCn7RU6c3Uxa2oqpZ815CtTdgP_"
246,"W19H19S1,1E17,17M_9ogz4w9saS20m7GrrRK2Rvij6pEf_"
247,"W19H19S1,1E17,17M_8JuStxRws-tEl9SN_RT2xsbUQ_QP_"
248,"W19H19S1,1E17,17M_8IrbiT1i7klvIa-YKdYualqq7JSf_"
249,"W19H19S1,1E17,17M_8IrLnzBlqZ20p0S_sBO-krq14ZUP_"
250,"W19H19S1,1E17,17M_-Iqy14hZ64y8gd-oa1pm7oCr31AP_"
251,"W19H19S1,1E17,17M_8G-CH3jVsqslPZG6spK-tpC1xZkP_"
252,"W19H19S1,1E17,17M_9CprVTRVaW1csXLjYlfeGrqibvAP_"
253,"W19H19S1,1E17,17M_-An3hTNraIvULZS7uTGtW0rY0tJP_"
254,"W19H19S1,1E17,17M_8UuHNSdqa0ttJRS7tTDnriir-REv_"
255,"W19H19S1,1E17,17M_-IhS69VR5w70B7S2sLe2dkDvxBYv_"
256,"W19H19S1,1E17,17M_8hsyZc1Rpxx11ZacqLnPinamVVIv_"
257,"W19H19S1,1E17,17M_-Qkb2xl3IGlt4aujdlLHXjLmTNiP_"
258,"W19H19S1,1E17,17M_8EvLix1opc5MTfqG_pA3qrm2wNkP_"
259,"W19H19S1,1E17,17M_-BnrmRPtLRx0ramrNnKlKuqrYjJP_"
260,"W19H19S1,1E17,17M_9Jgj5SdmbkxttbOLKb-EHrCr6xIv_"
261,"W19H19S1,1E17,17M_9ElLZUbWt6oVeyH3phTmruCvwFpP_"
262,"W19H19S1,1E17,17M_8gpqr7BaqekPuSuqPnCnllqVdrBP_"
263,"W19H19S1,1E17,17M_9Cp6Q31JuZssbciZ-1RG1lL7QZIf_"
264,"W19H19S1,1E17,17M_-ijin2FtoQ-snVHPLLSXVmqVc7IP_"
265,"W19H19S1,1E17,17M_8IsLb4xdrhjfmbmCrtSHnjij7hCf_"
266,"W19H19S1,1E17,17M_8At7ZUDf8UlPzRqyNTD_ygi91LSP_"
267,"W19H19S1,1E17,17M_-UkT11zSoW8kddKSdvKHWrrRy5EP_"
268,"W19H19S1,1E17,17M_8Qp7QT9o6w68kVnrpFXOntDHTlRP_"
269,"W19H19S1,1E17,17M_8ErbpYzbqirWyaumLXUmpl7oxVJP_"
270,"W19H19S1,1E17,17M_8Qt7AX9EbMqWd3ShtRn9kpLVXZBf_"
271,"W19H19S1,1E17,17M_8hrTWyF1c8pdyUnNtRZ0yknrRtiP_"
272,"W19H19S1,1E17,17M_8E8Ke1NjLzl3JSyxppVdV1yy1lCP_"
273,"W19H19S1,1E17,17M_8EnnhV9Ysxt1DRS-6pQ3szK3UDMv_"
274,"W19H19S1,1E17,17M_8glrS1pRdz7knZS05pRX1hb1RRRf_"
275,"W19H19S1,1E17,17M_8EvbEU9YcmtlJ-yLsjbWsifpS9IP_"
276,"W19H19S1,1E17,17M_8CumlY1dKn5E_SL2Y1c2Kpizxhyf_"
277,"W19H19S1,1E17,17M_8EvbVQRdeWtMWbW0NPHXGnHqx1QP_"
278,"W19H19S1,1E17,17M_8SozYydsaa1U2amltVtNDrzL3hBP_"
279,"W19H19S1,1E17,17M_8Czmzyhz6wy01aqmbNW1Im_MWVIv_"
280,"W19H19S1,1E17,17M_8CuTW01ccO9ccUqg9rLmtmLlVpIf_"
281,"W19H19S1,1E17,17M_-FmKvUDvpC33IS2Zu1RMztzUxNUP_"
282,"W19H19S1,1E17,17M_8Qs7EV3dID72yWmHupMecs7E3lBP_"
283,"W19H19S1,1E17,17M_8gl7NXBD-1skPfCmpl5sauaWdHCP_"
284,"W19H19S1,1E17,17M_8JpDbaXdKWyt0Qe-KtoVaq6445If_"
285,"W19H19S1,1E17,17M_8BtzZ0Rq50ovdSqyMrO3Kim30hKv_"
286,"W19H19S1,1E17,17M_9MgDb2zUuOnNyQvuqFnFrsyM_NBP_"
287,"W19H19S1,1E17,17M_-Qiu2UtUtz0lXWiF-5slJo7cylJP_"
288,"W19H19S1,1E17,17M_-Clyq1HbcU_cEVW5qRv2FvDVwZUP_"
289,"W19H19S1,1E17,17M_8go65czNrDzkzbyg99IVNuTNS3QP_"
290,"W19H19S1,1E17,17M_8QpqzdjKru5MGbWkLfsVKr3VwB1P_"
291,"W19H19S1,1E17,17M_8IvSX0BV7wx-w1qnNHPXEjaqeXEP_"
292,"W19H19S1,1E17,17M_8gt3JTtrKCutORHzq5MeMvbISvKP_"
293,"W19H19S1,1E17,17M_8C6is3dFfBnVnTyg-pPWFnaq9RAv_"
294,"W19H19S1,1E17,17M_8gpbU3bStw09NWStpLbmljLywxUv_"
295,"W19H19S1,1E17,17M_8R4idWtpY48cuXnhpxp9Qi7k3tAP_"
296,"W19H19S1,1E17,17M_8mkDuxFnbmlXMTG15V1ktsKt55QP_"
297,"W19H19S1,1E17,17M_-Al601BL-S2kn1GvNTK3GnDmxNmP_"
298,"W19H19S1,1E17,17M_8okbJ7xyYu8FfUrYcde2Qi-s2JJP_"
299,"W19H19S1,1E17,17M_8kpK74R-4EvPGbGXthV2plTPXHAP_"
300,"W19H19S1,1E17,17M_8JuSj5lbLCvXQ4a1atkcZ6iVXZQ__"
301,"W19H19S1,1E17,17M_-YgH7153JGleiZSLbNTXu2HkSlBv_"
302,"W19H19S1,1E17,17M_9opeC7hqoH-10SG7YbmXpmidWFJv_"
303,"W19H19S1,1E17,17M_8liL14pdOShvk3aksbWsi3HSSbUv_"
304,"W19H19S1,1E17,17M_9CsCvyrtKU58Y1L3ZDpHajaU6vIP_"
305,"W19H19S1,1E17,17M_8kxKpVl1cH3E4ybvpDzeGiy5yNmP_"
306,"W19H19S1,1E17,17M__BmzRS_pJUj_A2iq5JlVljbrVzUP_"
307,"W19H19S1,1E17,17M_9Us2V8hBJe3WC3vqujEFfhDTdbFP_"
308,"W19H19S1,1E17,17M_8VgzzfDXNBn1lyy1Z9oUI5qRWPWP_"
309,"W19H19S1,1E17,17M_8g5rZyjFO4jekX_AZ1NfjoisTnxP_"
310,"W19H19S1,1E17,17M_8Q7GXRX0LBv2X1WrIlpFNwG97RJv_"
311,"W19H19S1,1E17,17M_-hqqVW9Xqhkl0eeIsTX0Z2zBQzZv_"
312,"W19H19S1,1E17,17M_8LuDXRBx_c5MeQ31oVGnB2Cn3NLP_"
313,"W19H19S1,1E17,17M_8ix7kwReqb0vhVuhLzlVtjD145Av_"
314,"W19H19S1,1E17,17M_-YquGVHbMzptqUa8NLVnRyWFVtiv_"
315,"W19H19S1,1E17,17M_8v0CoSp34D1t2YKefDSGuyjlxVVf_"
316,"W19H19S1,1E17,17M_82oiyyVke60Mr1mrOHq00rOmTFwf_"
317,"W19H19S1,1E17,17M_-Ysu1ZVBox5lQaujdz7UEkrc4Bf__"
318,"W19H19S1,1E17,17M_8p6ityF5KX1NOViDdR20auXtSHRP_"
319,"W19H19S1,1E17,17M__Yiu84NEu51lDRjF_ZUXZkyo55Ef_"
320,"W19H19S1,1E17,17M_8OoHc5V36Q3MRdSbdPLWppKGbXIP_"
321,"W19H19S1,1E17,17M_-GinsT9Cupi1pYjbd1KlBsLvRLrP_"
322,"W19H19S1,1E17,17M__4grCwzYo94UbcvZZ1hVc6a01VJP_"
323,"W19H19S1,1E17,17M_9MjTSzplbL5MqWesJtYVJ7-4wFjP_"
324,"W19H19S1,1E17,17M__0guz1RhI2pECfubdzZEuuKW1rYP_"
325,"W19H19S1,1E17,17M__akGjYDPfEjVW2y56XZHSwGeaHXP_"
326,"W19H19S1,1E17,17M_9agr5YhZc2u1NUjF9dLNhrTyYZE__"
327,"W19H19S1,1E17,17M_9KtWA05t-wveiWaGe3UHkjb6Q3AP_"
328,"W19H19S1,1E17,17M_9Sqy21BF8r5UNeKVuxBl7oKzS5xf_"
329,"W19H19S1,1E17,17M_8vuDGTB54qmVn6yE7jHXRqzCe3EP_"
330,"W19H19S1,1E17,17M_9Zirb8BGLO9Mb4O2KVXuUnOIeLDP_"
331,"W19H19S1,1E17,17M_83tCi5ZKs5r1wQnRtrMFvgjrR7wv_"
332,"W19H19S1,1E17,17M_814qUU9iKirv2wGNOZZt0z2GbNQv_"
333,"W19H19S1,1E17,17M_-smadWVVLJpVTRG3pZ08WqjI0XeP_"
334,"W19H19S1,1E17,17M_8Y2OrWjHsItPw16hpDfee2DIxJTf_"
335,"W19H19S1,1E17,17M__IkaM97xJbmlAWuyavvUHsDMyF3P_"
336,"W19H19S1,1E17,17M_8slLv0Bcsrg1Ab3T75QvcjKhyx0f_"
337,"W19H19S1,1E17,17M_864LjzR9oUkMwZ-25hq9FsivxF4P_"
338,"W19H19S1,1E17,17M_86knQ1F7ok3Oq26o5DvGviCj2JWP_"
339,"W19H19S1,1E17,17M__CizQ0tsqrr2aQu8pJ3eYo2cUFZf_"
340,"W19H19S1,1E17,17M_-GpG9ZRabdqdkUSO-NGugwS9_pBf_"
341,"W19H19S1,1E17,17M_8Ekrpyr3rIqNWUnWJX20m-qY6pA__"
342,"W19H19S1,1E17,17M_8k5OGanUZ81noUuBvpWdUv2Ja1IP_"
343,"W19H19S1,1E17,17M_-iriW1LkvZsuOQHeqTUmUm3V9RJP_"
344,"W19H19S1,1E17,17M_8ewH1UpJaY2dcXPB6bvVBtSVSdlP_"
345,"W19H19S1,1E17,17M_9M1bxRpQbbjviSqiq3AnyzqjVrjP_"
346,"W19H19S1,1E17,17M_8hvaQbvJ5w-uCQiNu30kOnDO8dMP_"
347,"W19H19S1,1E17,17M_9C2SuwrqKrtthTCtbpocdyq2XFKv_"
348,"W19H19S1,1E17,17M_8g2ySyNu-s0UF_aBK3OWc0bdULNP_"
349,"W19H19S1,1E17,17M_8I7OSc3Tqgit0Rex9zP2hpSOaXJP_"
350,"W19H19S1,1E17,17M__0hST1laOul9IUbsZFmFvpWsTLov_"
351,"W19H19S1,1E17,17M_8swGpdzk6K394cOII7rUuuCT4lbP_"
352,"W19H19S1,1E17,17M_8IrbCftYaexFZY6FvtGVV1SW2hk__"
353,"W19H19S1,1E17,17M_8GtDK7L3KqwtUxq6tTT2A6_MTJQ__"
354,"W19H19S1,1E17,17M_82wriXrAOKutpw6zfphcS9LqRFHv_"
355,"W19H19S1,1E17,17M__ogSb4jUuy98q4CHrlfVNtDBaXWP_"
356,"W19H19S1,1E17,17M_8hrq4Qr0rbl9AfDeqVdNCquUyBvv_"
357,"W19H19S1,1E17,17M_-MmOMZn9KHj01ZDyqVD2mrmrZDTP_"
358,"W19H19S1,1E17,17M_-0k6hXlF7Qol8S-o9B-sk1OKTXpP_"
359,"W19H19S1,1E17,17M_8hvSpWrRMvsFSWvW6dC3nlDMbdAf_"
360,"W19H19S1,1E17,17M__Jhb3xhUKzknJ03No90Ex82MVRR__"
361,"W19H19S1,1E17,17M_8Huj4wxCsevG0beV9LUEunLD7ZQP_"
362,"W19H19S1,1E17,17M_-kiusRT29K8UVTilfpD1pyqkb1Iv_"
363,"W19H19S1,1E17,17M_-1gixYvTLgp-JemqtNNdMqbRXDTv_"
364,"W19H19S1,1E17,17M__BjbMVRY9thnz-COYP5WRjq4Y1Yf_"
365,"W19H19S1,1E17,17M_-wlazQjlK0ptpZa7sRL3h7K3RBh__"
366,"W19H19S1,1E17,17M_9EzuS8xhq4kfDZ2k7tHPgxKPbPIP_"
367,"W19H19S1,1E17,17M_9Z0SVbXy5YqVESn-LHGXlxrywVGv_"
368,"W19H19S1,1E17,17M_8K3XBWrzJMivHTe4JRjtsoHfZLZP_"
369,"W19H19S1,1E17,17M_8LtSvZDWdsgGr6yLbNxMxoraVvoP_"
370,"W19H19S1,1E17,17M_-En2I2RV7uyE4y6p6ZqFrpXCZVVf_"
371,"W19H19S1,1E17,17M_8y1XCzpEfahG9W3IrdUVNiXecDKv_"
372,"W19H19S1,1E17,17M__ijnFTzwZywkva6UqDTFns7qTbSP_"
373,"W19H19S1,1E17,17M_8ZojVS7prYrugSPztnAt426hxRqf_"
374,"W19H19S1,1E17,17M_9Enb60VDNyo9w0jXYhCf0q_K1FaP_"
375,"W19H19S1,1E17,17M_8k7SewHyuku8Fd7INDasa2LiytSf_"
376,"W19H19S1,1E17,17M__kgqZzTmvMm-owbuYB41cnf0UxA__"
377,"W19H19S1,1E17,17M__MiWTeVHui9MDb6oN7KsUkDX5FWv_"
378,"W19H19S1,1E17,17M__oguc9NQKTt86bDXILbXKgS61NXP_"
379,"W19H19S1,1E17,17M_-UtOGTj7slklKcma7RW9G-G2YjCv_"
380,"W19H19S1,1E17,17M_9AraJfDL-Qr2Tyv0NtR0C-WGbDKv_"
381,"W19H19S1,1E17,17M_9SpW9ZDJuyhmxXbCrV20VsGlSB3__"
382,"W19H19S1,1E17,17M_8aobyQN_N2wk5ZOUJ9UPXjq2clIf_"
383,"W19H19S1,1E17,17M_8r6TjyReMYx9gTOecVstVzyjYzMP_"
384,"W19H19S1,1E17,17M_9EibUeNespzcbcSa5dUVg2ye6jQv_"
385,"W19H19S1,1E17,17M_8K9SA2xj51y3wQnHLH8ktzThyVNv_"
386,"W19H19S1,1E17,17M_8ulHCRL6OamdaZTk7tXOMkSf7DGP_"
387,"W19H19S1,1E17,17M_8Qszk7PHtRs1YzHzqFksY83vxBGP_"
388,"W19H19S1,1E17,17M_8DqjuRjWrm4WYSe18RmvnqjqQFPv_"
389,"W19H19S1,1E17,17M__wgWuxtzNg1cL8yMelY8L-jWyJFP_"
390,"W19H19S1,1E17,17M_8O0C-wnyty80KcmXZbyXKhm65lBP_"
391,"W19H19S1,1E17,17M_9zpiH7BXMUttSRPUNvLUxqzRUltf_"
392,"W19H19S1,1E17,17M_8E32JWTaMnrnTY6sMjNtEtit2dSP_"
393,"W19H19S1,1E17,17M_-5ky041SNbgOXXDVu_INC2CX11UP_"
394,"W19H19S1,1E17,17M_9esG8QXgquznhRrYqtb9YgvRWDXP_"
395,"W19H19S1,1E17,17M__TiySTroNmtWIx7RdnNlkx3RUtKf_"
396,"W19H19S1,1E17,17M__ggeOXVIbY2-hzju9rJUMtPwRRF__"
397,"W19H19S1,1E17,17M_8wx6y8Z2oa9EQW_TYh79CuCOxbyP_"
398,"W19H19S1,1E17,17M_91wqPWDia2yemVHZpR0_IlTG2LHP_"
399,"W19H19S1,1E17,17M_8GpLV1Ju-MyttTqyppSeNlLkUNcf_"
400,"W19H19S1,1E17,17M__Fji7UrIOQp8GbPTatvHFiGf0VlP_"
401,"W19H19S1,1E17,17M_-mlm-QH0rUqeqxTdYB08o3-AwN-P_"
402,"W19H19S1,1E17,17M_-dqSDUjtPygPZ3XVIJlldiT061Uf_"
403,"W19H19S1,1E17,17M_9It38wJrJagOtzO6MRltky2sZrUv_"
404,"W19H19S1,1E17,17M__fkCSbn_4AuGF4WBr7xWwtqDWxh__"
405,"W19H19S1,1E17,17M_-Ate3QzmNDk_qQy1ahWGX7eISV1v_"
406,"W19H19S1,1E17,17M_-VsyAa3SLTqliZ-s6rWlgvOqWjhv_"
407,"W19H19S1,1E17,17M_8J4K7Tr7sRq2o-GMKvjU66mAWRm__"
408,"W19H19S1,1E17,17M_8csXOcLtKmh_0dqKqVtV4gzCxr4P_"
409,"W19H19S1,1E17,17M_8R7rP1BuICo-GXyk7_YlAiD34Rd__"
410,"W19H19S1,1E17,17M_-EvXG3JcINwm3ciyorLXV9aLWVRP_"
411,"W19H19S1,1E17,17M_-doKxbDrJ8jvS5WTONYO8rPAVrJP_"
412,"W19H19S1,1E17,17M_-IuGTZte6FwnqxP7MjYGeorzS9EP_"
413,"W19H19S1,1E17,17M_-AkOuQp_bJr9CXSCflXuI3qg6FXf_"
414,"W19H19S1,1E17,17M_96wTNzJKYn6l65G1oFftopmBUJe__"
415,"W19H19S1,1E17,17M_-GvHIVTSqljk7ZPtahgm9nmRVpo__"
416,"W19H19S1,1E17,17M_9GzLMRV3alodaQqJP3SuUxW6Ttov_"
417,"W19H19S1,1E17,17M_-soGN61oLViVAb_nZRBv4uin1NpP_"
418,"W19H19S1,1E17,17M_8Et3RT7HIh4VY47GL3VWN7PD1pEP_"
419,"W19H19S1,1E17,17M_9gx-Q89G5E4FpT2grdRV1u6zQR1f_"
420,"W19H19S1,1E17,17M_9uyGacrFbSwHaRWtcvfGAs3KcVOf_"
421,"W19H19S1,1E17,17M_-CtXdVLRJ28ecbSQaduk31KwR1gv_"
422,"W19H19S1,1E17,17M_9I1fKVLLop4vdVmpotyU6yn4SPCP_"
423,"W19H19S1,1E17,17M_9A23_QBk6qwtvyfSIlj1wsjr6fAP_"
424,"W19H19S1,1E17,17M_8BizxVJm5m1849DVaFsEf1C751Cf_"
425,"W19H19S1,1E17,17M_8OzCh_b1pJtOUaebLhB2B-6CzDyv_"
426,"W19H19S1,1E17,17M_9oxHfUPkLTv1DcCZqzpdF2yBUntP_"
427,"W19H19S1,1E17,17M_-MpKw53CNqitzf6EoXsMfqjsyhTv_"
428,"W19H19S1,1E17,17M_9aqXtxJv5Agmpy7eYBk1czmnxJ1P_"
429,"W19H19S1,1E17,17M__NlLOTHD9QlG6w_MqBBH3k_pahLf_"
430,"W19H19S1,1E17,17M_9Epub9RAekj00-jrIHR20jrvxJ0P_"
431,"W19H19S1,1E17,17M_9A0rLSVNq7xFtzW1qBSvq0mL4JfP_"
432,"W19H19S1,1E17,17M_9XtDoS1hrAregZ-J6xdGHtz04jDv_"
433,"W19H19S1,1E17,17M_-IrbmzHCNj-lDyrZNbNcDjD6QR2__"
434,"W19H19S1,1E17,17M_8D-jVSJPdtjHV56odBVeUs-BdzBP_"
435,"W19H19S1,1E17,17M_8A3mTW_gIFvt-RyJ-bUVirbEXhJ__"
436,"W19H19S1,1E17,17M_-AlGncHPNdlMGfS2qLA3-pLU9vEP_"
437,"W19H19S1,1E17,17M_-AtXpzNOKWyPrwSI-x8nrgeNdDHP_"
438,"W19H19S1,1E17,17M_-vqCCezT8UuOdSiLvVUX2w7DQVcP_"
439,"W19H19S1,1E17,17M_9J1zxQ7FupvWFWHLIJRm1-mFd7EP_"
440,"W19H19S1,1E17,17M_-ZmqEWRU9LnFze-OMBh14qi181Jv_"
441,"W19H19S1,1E17,17M_8_sCdWTypZ4Umxbuahl8NmLQSNuf_"
442,"W19H19S1,1E17,17M__7gjCRV6rqt1SwO7OFsMN7yxZVKP_"
443,"W19H19S1,1E17,17M_8d0TgW1Gfiztl3CkMPXcQjf09FFP_"
444,"W19H19S1,1E17,17M_8y1WKxh89K9UHf2FJJbuAkuc65Iv_"
445,"W19H19S1,1E17,17M__pgraVTs6UudLYKVLrncgh3h3ZFP_"
446,"W19H19S1,1E17,17M_9pyyzZjKsa8FRQ3xK3W0sqDfwR4__"
447,"W19H19S1,1E17,17M_8Q4WW65pIUtduT-AvFZF75qExX2P_"
448,"W19H19S1,1E17,17M_-lmyAQf8Ll5UX3WStHEnq-yA0zqv_"
449,"W19H19S1,1E17,17M__LjivRDk-U2FT62mshZ1Br31QlBf_"
450,"W19H19S1,1E17,17M_8qmnw5FjI6qu5aK04t4s4xCn8NOf_"
451,"W19H19S1,1E17,17M_-8oPAV1t6NgU6-nHIHlVkjvkdpC__"
452,"W19H19S1,1E17,17M_8Ay2rTlj9YkUuefG6DrW4iW6UHnP_"
453,"W19H19S1,1E17,17M_8C9WZ5xx7wkFsdedYB5UVwa-Tzkv_"
454,"W19H19S1,1E17,17M_9G2nMVLNbEvdHcCKYvPGGu28YxC__"
455,"W19H19S1,1E17,17M_-hqau2VUcmpkte7Fo7oXMoOYcDPv_"
456,"W19H19S1,1E17,17M_-CqiSzj78Or0YYGdcVJu1pzyQ9of_"
457,"W19H19S1,1E17,17M_9CranU1Ibqik15qjt9WWApS51tUf_"
458,"W19H19S1,1E17,17M_-FuiDypyp21nyUHEPvPsAh36WhK__"
459,"W19H19S1,1E17,17M_-AvWF6hRqk9eV_uSKZMOK4id4XeP_"
460,"W19H19S1,1E17,17M__QkLe03r6ArFc8OJvdHMVqrAdJLf_"
461,"W19H19S1,1E17,17M_8GpL0Qpbdk1cZXamujlUtzCp4pbf_"
462,"W19H19S1,1E17,17M_-inb0RN6YrkU87Cl8L6XQlmpYhL__"
463,"W19H19S1,1E17,17M_8A9ftzJSLay9E-qZIbQd0nPYwh5v_"
464,"W19H19S1,1E17,17M_8MrPC0VsMuqXX6CpJXZVWjf401kP_"
465,"W19H19S1,1E17,17M_8Y8mHapUfUos-YH9dFQsd3ygVDnv_"
466,"W19H19S1,1E17,17M_8T2z0Q3lpi78kbWSKdmEf6bfUDAP_"
467,"W19H19S1,1E17,17M__wh3QRzTr1uNOQKePL2tI12AYNev_"
468,"W19H19S1,1E17,17M_8UuPG1pcKBj27Q3MK3NWZkzV2vIP_"
469,"W19H19S1,1E17,17M__lhyq5Vnph1UqwCpa5e90pOYQhz__"
470,"W19H19S1,1E17,17M_8Q4-Qe3BeqqmURfNqVH3Sq7k5NFP_"
471,"W19H19S1,1E17,17M_-Vor_RDAJj7niwrqdNBl1knr7ZEv_"
472,"W19H19S1,1E17,17M_9E3KH6j-KMwNJzXupB7Ff2GBdDHv_"
473,"W19H19S1,1E17,17M_8BxS5TvwPipuRxzC7zlXYpOW8hLv_"
474,"W19H19S1,1E17,17M_8Z6LnzRLKjwGsU_kZVQm9ur0wVlv_"
475,"W19H19S1,1E17,17M_8FurAUXuNL2ljRnuYnxk86SL5xUf_"
476,"W19H19S1,1E17,17M_8kurAyXtY-pt6Qa2avOGAnjt0VKf_"
477,"W19H19S1,1E17,17M_8w1zU1T1oSs0DfvVJ1klh7KXddAP_"
478,"W19H19S1,1E17,17M_9Yq24Upk51zVT3HBsTOkM3-I4dYP_"
479,"W19H19S1,1E17,17M_8A5HXW90J-luqbCkIvbtAsnNXTRv_"
480,"W19H19S1,1E17,17M_8gyjl2VGpe5W8WmKvDnUhmP2VZg__"
481,"W19H19S1,1E17,17M__nijASlNbnvVO4yErFb0unLBXBL__"
482,"W19H19S1,1E17,17M_-pmifWHPNDoFUzbC7Lt0gwn7VHLP_"
483,"W19H19S1,1E17,17M__CnjC0nNMztOzVDscta8lnLAbRR__"
484,"W19H19S1,1E17,17M_9Q1jXylsZb8kM3qB-Fls9lTAXLHP_"
485,"W19H19S1,1E17,17M_-GuGeyZjtg4N2wTuLXoU26aFSF3v_"
486,"W19H19S1,1E17,17M_8i7LLR1XJD0Gl1WZO1LvA82PWjhP_"
487,"W19H19S1,1E17,17M_8g0WNUrcrFzlNXH-6BbULtCnc5I__"
488,"W19H19S1,1E17,17M__AjazzTnOjpkh7uYOftEAkPv7ZQP_"
489,"W19H19S1,1E17,17M_-6gmz8hPMGu1ZYC0u7pUy0qP6pUP_"
490,"W19H19S1,1E17,17M_9FuyvWFSLuncid3Ar3ol8gDB-lDf_"
491,"W19H19S1,1E17,17M_8w43tSxK9pm-oRjp6vWEQjTh9DHv_"
492,"W19H19S1,1E17,17M__ggPuSrEqVvVEbO6ftBuEy6tdpCf_"
493,"W19H19S1,1E17,17M__pgr4w1pZeo2E7SepXqtmwmYVLSv_"
494,"W19H19S1,1E17,17M_-LsTsy1OoJ-ll-aCqrdUKqrIRZ6f_"
495,"W19H19S1,1E17,17M__kgOM3NO6UxduWCLNnrsdqbERD5v_"
496,"W19H19S1,1E17,17M_8wlDj7ZG6q7mobOhqZbM2jXgcjNv_"
497,"W19H19S1,1E17,17M_-Jmqpct9JQseP4SlZTK3LwS8TPqP_"
498,"W19H19S1,1E17,17M_8siXhxZ4OmjnRS3DrjVuWrnsZbBP_"
499,"W19H19S1,1E17,17M__Anu-4FEPH1FRwyyt1VOK6jTyZM__"
500,"W19H19S1,1E17,17M_8AlXmTZk_Ki0pdbq4pLvCn3garNP_"
501,"W19H19S1,1E17,17M_8AqrMy3xNBn3PTCgL_TuwozZ1bov_"
502,"W19H19S1,1E17,17M_8ArvIUpa_Zg09ZG5JbUFf9iD3Vif_"
503,"W19H19S1,1E17,17M_8A0ya0Dfpiz1ZVaeeFWmjlrk1dov_"
504,"W19H19S1,1E17,17M_8AuyK1lVqI3d7SKLexaGXy2sdvCP_"
505,"W19H19S1,1E17,17M_8Ajzw7ZResiu3SGFvZlVqlbo7VKv_"
506,"W19H19S1,1E17,17M_8AxK7TnxKg1-8yLhZ5hd0rixxL3P_"
507,"W19H19S1,1E17,17M_8AxS5_FDraktaWPhpzi1yw-4XrDP_"
508,"W19H19S1,1E17,17M_8AvCj0nrNalNAX_-IHA363Cj6LPP_"
509,"W19H19S1,1E17,17M_8AxC7wd8rww_WyizqpndgqbOVJnf_"
510,"W19H19S1,1E17,17M_8A2aUwF_vqhMTdmqs1bmDrbQx30P_"
511,"W19H19S1,1E17,17M_8A2iT9pE_Yg8HfHNKbVllrGrUJff_"
512,"W19H19S1,1E17,17M_8AorbRB7485Od2DapNJ3YzSl9xI__"
513,"W19H19S1,1E17,17M_8AnjF3NGt2omjTrEbdAX96SN9jJv_"
514,"W19H19S1,1E17,17M_8A9qCxj1ow68ndGQu9An7rCrzNnP_"
515,"W19H19S1,1E17,17M_8A1aZSVuqGvOY06NvFF3Swe8Qj7v_"
516,"W19H19S1,1E17,17M_8A1GnTVpdyhssaf1oZIW9rbRVdUv_"
517,"W19H19S1,1E17,17M_8AtzI7TRqJu0SduyZ1v0ElvYSR2__"
518,"W19H19S1,1E17,17M_8A3SG5ZVbllUscuUut18gvSR4Jff_"
519,"W19H19S1,1E17,17M_8Ah7yTxh-KnNV5SuMPgV93WRatMf_"
520,"W19H19S1,1E17,17M_8AmbNVTartpHlRaQ95GHP7yB6rVP_"
521,"W19H19S1,1E17,17M_8AsKvTLytNrGp1SNObRl5o28XHjP_"
522,"W19H19S1,1E17,17M_8AnrDXJG4E_sTemxJ7AP-4aeYrdP_"
523,"W19H19S1,1E17,17M_8Axe0RR16q1PfQKwc9Sds2qVTlpv_"
524,"W19H19S1,1E17,17M_8A3yg2plbdxEzay3MH7MGpS13hR__"
525,"W19H19S1,1E17,17M_8AzGrXtCb0wcQ96CftQt6kLfa3UP_"
526,"W19H19S1,1E17,17M_8A6CPyL3L9hG3Si2Jn9cEuzC7pQ__"
527,"W19H19S1,1E17,17M_8AgT-7FHdcocldanrheEX7WJdzEv_"
528,"W19H19S1,1E17,17M_8AmTW5Vaajtlo46eOHFHX1yS0lrf_"
529,"W19H19S1,1E17,17M_8Ap3YYzZoY-cBf6ZuVmlljfwaNPP_"
530,"W19H19S1,1E17,17M_8AraxaFXo96F94DELvjVq6WNZRW__"
531,"W19H19S1,1E17,17M_8AumNaLPPUhdC3yfODZE30GvXxQ__"
532,"W19H19S1,1E17,17M_8AjbxcLOsWuN6xSDvlDfk1CnxZ4__"
533,"W19H19S1,1E17,17M_8Am7KVXmLkjs0cuFvlhV1vbAw74v_"
534,"W19H19S1,1E17,17M_8A8CP29RJY4-bUq9ZFAH_nbgzJzf_"
535,"W19H19S1,1E17,17M_8AtijxZ5Yv8ENfGN-RCHvorbX1Qv_"
536,"W19H19S1,1E17,17M_8A26Q1Lqql1k5ZbK6pJW5-KHaxJ__"
537,"W19H19S1,1E17,17M_8At2hXXKKirsBf6IfdJO6uzE2lTv_"
538,"W19H19S1,1E17,17M_8AtqjTlpbqwvjRrI7ZclLoW-f5Af_"
539,"W19H19S1,1E17,17M_8A6iLy7xLckcqc2nrDnlh2KO75Ef_"
540,"W19H19S1,1E17,17M_8Akjd-5EZc2NqYuDvxhN6oq8wV-v_"
541,"W19H19S1,1E17,17M_8AtnDQT9t-kGaVWqM3MGf2qTSlrf_"
542,"W19H19S1,1E17,17M_8ArjDxF7smtlo47oo7CHvgb85JW__"
543,"W19H19S1,1E17,17M_8Apa09dEu6gsEfv8IPmVOuKO9BH__"
544,"W19H19S1,1E17,17M_8AuGXeXFMlrWZVX1oVMXN1WaVNmf_"
545,"W19H19S1,1E17,17M_8AnXRSh19WpMbeGWelpVZhry09pP_"
546,"W19H19S1,1E17,17M_8AtnJV9goO_EYc-prT6UNyW2W7SP_"
547,"W19H19S1,1E17,17M_8Amzh_pBd6oNX1C9pFrlFuSO29Qf_"
548,"W19H19S1,1E17,17M_8AmLO4Re4W-UK_KmLnvUGhP6XPiP_"
549,"W19H19S1,1E17,17M_8A0atQL_P2gUX-DpozutChzy4zcv_"
550,"W19H19S1,1E17,17M_8Aizy-xE6wq9gz7G7RFnpwa-aDPv_"
551,"W19H19S1,1E17,17M_8AuCPzLyqK3MAf_FLXFnZsuscNOf_"
552,"W19H19S1,1E17,17M_8AtHLRX6Js0eYWeqLPA36lblUhb__"
553,"W19H19S1,1E17,17M_8A12UbVKpF7UdcaLfFukj0id3xQ__"
554,"W19H19S1,1E17,17M_8AtSZ2PmNYmd1UqastLvQ-qFVVZf_"
555,"W19H19S1,1E17,17M_8Aw640zppqzWUVeH_BAX9g38XBj__"
556,"W19H19S1,1E17,17M_8Au3CXtIqktf-wCucNJXZrPKXFjf_"
557,"W19H19S1,1E17,17M_8AzWqQR96g188YudtDI3atTG8JPf_"
558,"W19H19S1,1E17,17M_8AsKu2tMdFrWiVu-IX8UN2KPSN3P_"
559,"W19H19S1,1E17,17M_8AnbgzRl6krf6wLvoFssq0mtVXaP_"
560,"W19H19S1,1E17,17M_8Axu4Thl7Rq1w46gL_J_Qxa41Fbf_"
561,"W19H19S1,1E17,17M_8A1qo6ZVbRm058SJu5Pug7KSzRx__"
562,"W19H19S1,1E17,17M_8AvDDyps4o697YHfIHkVd8aNZLXP_"
563,"W19H19S1,1E17,17M_8AsnLc7JKqs1k5qxp5dEnlTlytzP_"
564,"W19H19S1,1E17,17M_8Awe8QT9qCvvcROystOuKnHjQd-P_"
565,"W19H19S1,1E17,17M_8AnbIzNmY68O00atNHVFnlDrwV9f_"
566,"W19H19S1,1E17,17M_8Auqk0Ttr0wsVeawJ_bkxnDT87MP_"
567,"W19H19S1,1E17,17M_8Aqq01rjL2wWHXSbcxCntl7hc5Jf_"
568,"W19H19S1,1E17,17M_8AlvSWrLII--E3rRa5I_YsqbeXGP_"
569,"W19H19S1,1E17,17M_8AjXqSj1oV-nOTG3ZJd8gmDn1xo__"
570,"W19H19S1,1E17,17M_8Az2oTdwpxy3kRegL_W2J8KO1Vmv_"
571,"W19H19S1,1E17,17M_8Aom7QF_qCv11ySltjIPewi72xM__"
572,"W19H19S1,1E17,17M_8AiT17NGcirsgd-GvNC3s4yZ09of_"
573,"W19H19S1,1E17,17M_8Ahzy0XtIR-1eWHbqDUFfr6hVBX__"
574,"W19H19S1,1E17,17M_8AhzyyPuKAv9GbO38BGnViTtyR1__"
575,"W19H19S1,1E17,17M_8AiLux5xa7pGd0iucVxU2vCLwh7__"
576,"W19H19S1,1E17,17M_8Aj7oZFXZi5sfcjyo1kVtlXqUFfv_"
577,"W19H19S1,1E17,17M_8A1yU8xM6Bv13UGW-RTNqivsSB3__"
578,"W19H19S1,1E17,17M_8ApW1RZ07dkWm1Kjbxjljl7RQn9P_"
579,"W19H19S1,1E17,17M_8ArCz4dcbEncb-CI-5pU6w28R30P_"
580,"W19H19S1,1E17,17M_8AlnlQR-5d5FmZO5ZZcMuk3qU1Zv_"
581,"W19H19S1,1E17,17M_8AjXqb3IIe8mTWznJLl1ijfwapK__"
582,"W19H19S1,1E17,17M_8AmTm1dotdqFOXGxM7IndnfIYJff_"
583,"W19H19S1,1E17,17M_8AtmZTxk-VmnHTSZc5XWJs2qRhz__"
584,"W19H19S1,1E17,17M_8AjDnxf4M8qN1YmpK3eUlq3RUVtv_"
585,"W19H19S1,1E17,17M_8A4ucfRB71wkSeu4Kf-cE0uqXfgP_"
586,"W19H19S1,1E17,17M_8AkbuY5ZbuoVT5juoNTeoqzK3Viv_"
587,"W19H19S1,1E17,17M_8Aozc0Fvdyo2wy7bIze8I7KK6hN__"
588,"W19H19S1,1E17,17M_8A6iT0Jvcir1tYqW-JFnZj3hR9yP_"
589,"W19H19S1,1E17,17M_8Ahb0zjlpgz-e1C8obCntoK-1ZZf_"
590,"W19H19S1,1E17,17M_8A1eoWlLp50WiTv1IbgF_12oR9yP_"
591,"W19H19S1,1E17,17M_8ArnFXZI--iE3ciAv7WdM06pW9hP_"
592,"W19H19S1,1E17,17M_8AiTu5tYb2hMJe7-oDK3Sgr60NvP_"
593,"W19H19S1,1E17,17M_8ApXWTRp540dd5DWpTU1Zpy0yd2P_"
594,"W19H19S1,1E17,17M_8AhrzRN7IL_GqTWp6xbEn1mjQJ-__"
595,"W19H19S1,1E17,17M_8AyC3wb-OzilXVjlZVrkplHnWVlf_"
596,"W19H19S1,1E17,17M_8ApC7w58dMmtWVm3qJgl7njD0Vef_"
597,"W19H19S1,1E17,17M_8AgT-0JfZjzkldbtYlP-Ahz0y1pv_"
598,"W19H19S1,1E17,17M_8AsTN9BL6Bv0Af-rsxPmJhL62hj__"
599,"W19H19S1,1E17,17M_8Aryw1lZYb-FfUTIq7o08nXFUduP_"
